<?xml version="1.0" encoding="UTF-8" standalone="yes"?>
<addon id="plugin.program.tbs" name=" [COLOR=dodgerblue]T[/COLOR]otal[COLOR=dodgerblue]R[/COLOR]evolution"  provider-name="TotalRevolution" check="1" version="0.1">
  <requires>
	<import addon="xbmc.python" version="2.1.0"/>
    <import addon="script.module.addon.common" />
  </requires>
  <extension point="xbmc.service" library="service.py" start="startup"></extension>
  <extension point="xbmc.python.pluginsource" library="default.py">
        <provides>executable</provides>
  </extension>
  <extension point="xbmc.addon.metadata">
    <summary lang="en">Welcome To The TotalRevolution</summary>
	<description>Your one stop add-on for everything you could possibly need. From general maintenance to tutorial guides you'll find it all in here.</description>
    <platform>all</platform>
  </extension>
</addon>